Date,Cured,Confirmed,Deaths,Active,daily_cured,daily_confirmed,daily_deaths
2020-01-30,0,1,0,1,,,
2020-01-31,0,1,0,1,0.0,0.0,0.0
2020-02-01,0,2,0,2,0.0,1.0,0.0
2020-02-02,0,3,0,3,0.0,1.0,0.0
2020-02-03,0,3,0,3,0.0,0.0,0.0
2020-02-04,0,3,0,3,0.0,0.0,0.0
2020-02-05,0,3,0,3,0.0,0.0,0.0
2020-02-06,0,3,0,3,0.0,0.0,0.0
2020-02-07,0,3,0,3,0.0,0.0,0.0
2020-02-08,0,3,0,3,0.0,0.0,0.0
2020-02-09,0,3,0,3,0.0,0.0,0.0
2020-02-10,0,3,0,3,0.0,0.0,0.0
2020-02-11,0,3,0,3,0.0,0.0,0.0
2020-02-12,0,3,0,3,0.0,0.0,0.0
2020-02-13,0,3,0,3,0.0,0.0,0.0
2020-02-14,0,3,0,3,0.0,0.0,0.0
2020-02-15,0,3,0,3,0.0,0.0,0.0
2020-02-16,0,3,0,3,0.0,0.0,0.0
2020-02-17,0,3,0,3,0.0,0.0,0.0
2020-02-18,0,3,0,3,0.0,0.0,0.0
2020-02-19,0,3,0,3,0.0,0.0,0.0
2020-02-20,0,3,0,3,0.0,0.0,0.0
2020-02-21,0,3,0,3,0.0,0.0,0.0
2020-02-22,0,3,0,3,0.0,0.0,0.0
2020-02-23,0,3,0,3,0.0,0.0,0.0
2020-02-24,0,3,0,3,0.0,0.0,0.0
2020-02-25,0,3,0,3,0.0,0.0,0.0
2020-02-26,0,3,0,3,0.0,0.0,0.0
2020-02-27,0,3,0,3,0.0,0.0,0.0
2020-02-28,0,3,0,3,0.0,0.0,0.0
2020-02-29,0,3,0,3,0.0,0.0,0.0
2020-03-01,0,3,0,3,0.0,0.0,0.0
2020-03-02,0,5,0,5,0.0,2.0,0.0
2020-03-03,3,6,0,3,3.0,1.0,0.0
2020-03-04,3,28,0,25,0.0,22.0,0.0
2020-03-05,3,30,0,27,0.0,2.0,0.0
2020-03-06,3,31,0,28,0.0,1.0,0.0
2020-03-07,3,34,0,31,0.0,3.0,0.0
2020-03-08,3,39,0,36,0.0,5.0,0.0
2020-03-09,3,46,0,43,0.0,7.0,0.0
2020-03-10,3,58,0,55,0.0,12.0,0.0
2020-03-11,3,60,0,57,0.0,2.0,0.0
2020-03-12,3,74,0,71,0.0,14.0,0.0
2020-03-13,3,81,1,78,0.0,7.0,1.0
2020-03-14,10,84,2,74,7.0,3.0,1.0
2020-03-15,13,110,2,97,3.0,26.0,0.0
2020-03-16,13,114,2,101,0.0,4.0,0.0
2020-03-17,14,137,3,123,1.0,23.0,1.0
2020-03-18,14,151,3,137,0.0,14.0,0.0
2020-03-19,20,173,4,153,6.0,22.0,1.0
2020-03-20,23,223,4,200,3.0,50.0,0.0
2020-03-21,23,283,4,260,0.0,60.0,0.0
2020-03-22,24,360,7,336,1.0,77.0,3.0
2020-03-23,24,433,7,409,0.0,73.0,0.0
2020-03-24,40,519,9,479,16.0,86.0,2.0
2020-03-25,43,606,10,563,3.0,87.0,1.0
2020-03-26,45,694,15,649,2.0,88.0,5.0
2020-03-27,67,724,17,657,22.0,30.0,2.0
2020-03-28,80,909,19,829,13.0,185.0,2.0
2020-03-29,96,1024,27,928,16.0,115.0,8.0
2020-03-30,102,1251,31,1149,6.0,227.0,4.0
2020-03-31,124,1397,35,1273,22.0,146.0,4.0
2020-04-01,144,1834,41,1690,20.0,437.0,6.0
2020-04-02,156,2069,53,1913,12.0,235.0,12.0
2020-04-03,163,2547,62,2384,7.0,478.0,9.0
2020-04-04,213,3072,75,2859,50.0,525.0,13.0
2020-04-05,275,3577,83,3302,62.0,505.0,8.0
2020-04-06,319,4281,111,3962,44.0,704.0,28.0
2020-04-07,353,4789,124,4436,34.0,508.0,13.0
2020-04-08,411,5274,149,4863,58.0,485.0,25.0
2020-04-09,478,5865,169,5387,67.0,591.0,20.0
2020-04-10,516,6761,206,6245,38.0,896.0,37.0
2020-04-11,653,7529,242,6876,137.0,768.0,36.0
2020-04-12,765,8447,273,7682,112.0,918.0,31.0
2020-04-13,980,9352,324,8372,215.0,905.0,51.0
2020-04-14,1190,10815,353,9625,210.0,1463.0,29.0
2020-04-15,1344,11933,392,10589,154.0,1118.0,39.0
2020-04-16,1515,12759,420,11244,171.0,826.0,28.0
2020-04-17,1767,13835,452,12068,252.0,1076.0,32.0
2020-04-18,2015,14792,488,12777,248.0,957.0,36.0
2020-04-19,2302,16116,519,13814,287.0,1324.0,31.0
2020-04-20,2842,17656,559,14814,540.0,1540.0,40.0
2020-04-21,3260,18985,603,15725,418.0,1329.0,44.0
2020-04-22,3960,20471,652,16511,700.0,1486.0,49.0
2020-04-23,4325,21700,686,17375,365.0,1229.0,34.0
2020-04-24,4814,23452,723,18638,489.0,1752.0,37.0
2020-04-25,5210,24893,779,19683,396.0,1441.0,56.0
2020-04-26,5914,26605,826,20691,704.0,1712.0,47.0
2020-04-27,6362,28160,886,21798,448.0,1555.0,60.0
2020-04-28,7027,29834,937,22807,665.0,1674.0,51.0
2020-04-29,7797,31709,1008,23912,770.0,1875.0,71.0
2020-04-30,8373,33330,1075,24957,576.0,1621.0,67.0
2020-05-01,9065,34972,1152,25907,692.0,1642.0,77.0
2020-05-02,9951,37157,1218,27206,886.0,2185.0,66.0
2020-05-03,10887,40124,1306,29237,936.0,2967.0,88.0
2020-05-04,11762,42836,1389,31074,875.0,2712.0,83.0
2020-05-05,13161,46711,1583,33550,1399.0,3875.0,194.0
2020-05-06,14183,49391,1694,35208,1022.0,2680.0,111.0
2020-05-07,15267,52952,1783,37685,1084.0,3561.0,89.0
2020-05-08,16540,56342,1886,39802,1273.0,3390.0,103.0
2020-05-09,17847,59662,1981,41815,1307.0,3320.0,95.0
2020-05-10,19358,62939,2109,43581,1511.0,3277.0,128.0
2020-05-11,20917,67152,2206,46235,1559.0,4213.0,97.0
2020-05-12,22455,70756,2293,48301,1538.0,3604.0,87.0
2020-05-13,24386,74281,2415,49895,1931.0,3525.0,122.0
2020-05-14,26235,78003,2549,51768,1849.0,3722.0,134.0
2020-05-15,27920,81970,2649,54050,1685.0,3967.0,100.0
2020-05-16,30153,85710,2752,55557,2233.0,3740.0,103.0
2020-05-17,34109,90637,2872,56528,3956.0,4927.0,120.0
2020-05-18,36824,95759,3029,58935,2715.0,5122.0,157.0
2020-05-19,39174,100325,3163,61151,2350.0,4566.0,134.0
2020-05-20,42298,106750,3303,64452,3124.0,6425.0,140.0
2020-05-21,45300,112359,3435,67059,3002.0,5609.0,132.0
2020-05-22,48534,118447,3583,69913,3234.0,6088.0,148.0
2020-05-23,51784,125101,3720,73317,3250.0,6654.0,137.0
2020-05-24,54441,131868,3867,77427,2657.0,6767.0,147.0
2020-05-25,57721,138845,4021,81124,3280.0,6977.0,154.0
2020-05-26,60491,145380,4167,84889,2770.0,6535.0,146.0
2020-05-27,64426,151767,4337,87341,3935.0,6387.0,170.0
2020-05-28,67692,158333,4531,90641,3266.0,6566.0,194.0
2020-05-29,71106,165799,4706,94693,3414.0,7466.0,175.0
2020-05-30,82370,173763,4971,91393,11264.0,7964.0,265.0
2020-05-31,86984,182143,5164,95159,4614.0,8380.0,193.0
2020-06-01,91819,190535,5394,98716,4835.0,8392.0,230.0
2020-06-02,95527,198706,5598,103179,3708.0,8171.0,204.0
2020-06-03,100303,207615,5815,107312,4776.0,8909.0,217.0
2020-06-04,104107,216919,6075,112812,3804.0,9304.0,260.0
2020-06-05,109462,226770,6348,117308,5355.0,9851.0,273.0
2020-06-06,114073,236657,6642,122584,4611.0,9887.0,294.0
2020-06-07,119293,246628,6929,127335,5220.0,9971.0,287.0
2020-06-08,124095,256611,7135,132516,4802.0,9983.0,206.0
2020-06-09,129215,266598,7466,137383,5120.0,9987.0,331.0
2020-06-10,135206,276583,7745,141377,5991.0,9985.0,279.0
2020-06-11,141029,286579,8102,145550,5823.0,9996.0,357.0
2020-06-12,147195,297535,8498,150340,6166.0,10956.0,396.0
2020-06-13,154330,308993,8884,154663,7135.0,11458.0,386.0
2020-06-14,162379,320922,9195,158543,8049.0,11929.0,311.0
2020-06-15,169798,332424,9520,162626,7419.0,11502.0,325.0
2020-06-16,180013,343091,9900,163078,10215.0,10667.0,380.0
2020-06-17,186935,354065,11903,167130,6922.0,10974.0,2003.0
2020-06-18,194325,366946,12237,172621,7390.0,12881.0,334.0
2020-06-19,204711,380532,12573,175821,10386.0,13586.0,336.0
2020-06-20,213831,395048,12948,181217,9120.0,14516.0,375.0
2020-06-21,227756,410461,13254,182705,13925.0,15413.0,306.0
2020-06-22,237196,425282,13699,188086,9440.0,14821.0,445.0
2020-06-23,248190,440215,14011,192025,10994.0,14933.0,312.0
2020-06-24,258685,456183,14476,197498,10495.0,15968.0,465.0
2020-06-25,271697,473105,14894,201408,13012.0,16922.0,418.0
2020-06-26,285637,490401,15301,204764,13940.0,17296.0,407.0
2020-06-27,295881,508953,15685,213072,10244.0,18552.0,384.0
2020-06-28,309713,528859,16095,219146,13832.0,19906.0,410.0
2020-06-29,321723,548318,16475,226595,12010.0,19459.0,380.0
2020-06-30,334822,566840,16893,232018,13099.0,18522.0,418.0
2020-07-01,347979,585493,17400,237514,13157.0,18653.0,507.0
2020-07-02,359860,604641,17834,244781,11881.0,19148.0,434.0
2020-07-03,379892,625544,18213,245652,20032.0,20903.0,379.0
2020-07-04,394227,648315,18655,254088,14335.0,22771.0,442.0
2020-07-05,409083,673165,19268,264082,14856.0,24850.0,613.0
2020-07-06,424433,697413,19693,272980,15350.0,24248.0,425.0
2020-07-07,439948,719665,20160,279717,15515.0,22252.0,467.0
2020-07-08,456831,742417,20642,285586,16883.0,22752.0,482.0
2020-07-09,476378,767296,21129,290918,19547.0,24879.0,487.0
2020-07-10,495516,793802,21604,298286,19138.0,26506.0,475.0
2020-07-11,515386,820916,22123,305530,19870.0,27114.0,519.0
2020-07-12,534621,849553,22674,314932,19235.0,28637.0,551.0
2020-07-13,553471,878254,23174,324783,18850.0,28701.0,500.0
2020-07-14,571460,906752,23727,335292,17989.0,28498.0,553.0
2020-07-15,592032,936181,24309,344149,20572.0,29429.0,582.0
2020-07-16,612815,968876,24915,356061,20783.0,32695.0,606.0
2020-07-17,635757,1003832,25602,368075,22942.0,34956.0,687.0
2020-07-18,653751,1038716,26273,384965,17994.0,34884.0,671.0
2020-07-19,677423,1077618,26816,400195,23672.0,38902.0,543.0
2020-07-20,700087,1118043,27497,417956,22664.0,40425.0,681.0
2020-07-21,724578,1155191,28084,430613,24491.0,37148.0,587.0
2020-07-22,753050,1192915,28732,439865,28472.0,37724.0,648.0
2020-07-23,782607,1238635,29861,456028,29557.0,45720.0,1129.0
2020-07-24,817209,1287945,30601,470736,34602.0,49310.0,740.0
2020-07-25,849432,1336861,31358,487429,32223.0,48916.0,757.0
2020-07-26,885577,1385522,32063,499945,36145.0,48661.0,705.0
2020-07-27,917568,1435453,32771,517885,31991.0,49931.0,708.0
2020-07-28,952743,1483156,33425,530413,35175.0,47703.0,654.0
2020-07-29,988029,1531669,34193,543640,35286.0,48513.0,768.0
2020-07-30,1020582,1583792,34968,563210,32553.0,52123.0,775.0
2020-07-31,1057805,1638870,35747,581065,37223.0,55078.0,779.0
2020-08-01,1094374,1695988,36511,601614,36569.0,57118.0,764.0
2020-08-02,1145629,1750723,37364,605094,51255.0,54735.0,853.0
2020-08-03,1186203,1803695,38135,617492,40574.0,52972.0,771.0
2020-08-04,1230509,1855745,38938,625236,44306.0,52050.0,803.0
2020-08-05,1282215,1908254,39795,626039,51706.0,52509.0,857.0
2020-08-06,1328336,1964536,40699,636200,46121.0,56282.0,904.0
2020-08-07,1378105,2027074,41585,648969,49769.0,62538.0,886.0
2020-08-08,1427005,2088611,42518,661606,48900.0,61537.0,933.0
2020-08-09,1480884,2153010,43379,672126,53879.0,64399.0,861.0
2020-08-10,1535743,2215074,44386,679331,54859.0,62064.0,1007.0
2020-08-11,1583489,2268675,45257,685186,47746.0,53601.0,871.0
2020-08-12,1639599,2329638,46091,690039,56110.0,60963.0,834.0
2020-08-13,1695982,2396637,47033,700655,56383.0,66999.0,942.0
2020-08-14,1751555,2461190,48040,709635,55573.0,64553.0,1007.0
2020-08-15,1808936,2526192,49036,717256,57381.0,65002.0,996.0
2020-08-16,1862258,2589682,49980,727424,53322.0,63490.0,944.0
2020-08-17,1919842,2647663,50921,727821,57584.0,57981.0,941.0
2020-08-18,1977779,2702742,51797,724963,57937.0,55079.0,876.0
2020-08-19,2037870,2767273,52889,729403,60091.0,64531.0,1092.0
2020-08-20,2096664,2836925,53866,740261,58794.0,69652.0,977.0
2020-08-21,2158946,2905823,54849,746877,62282.0,68898.0,983.0
2020-08-22,2222577,2975701,55794,753124,63631.0,69878.0,945.0
2020-08-23,2280566,3044940,56706,764374,57989.0,69239.0,912.0
2020-08-24,2338035,3106348,57542,768313,57469.0,61408.0,836.0
2020-08-25,2404585,3167323,58390,762738,66550.0,60975.0,848.0
2020-08-26,2467758,3234474,59449,766716,63173.0,67151.0,1059.0
2020-08-27,2523771,3310234,60472,786463,56013.0,75760.0,1023.0
2020-08-28,2583948,3387500,61529,803552,60177.0,77266.0,1057.0
2020-08-29,2648998,3463972,62550,814974,65050.0,76472.0,1021.0
2020-08-30,2713933,3542733,63498,828800,64935.0,78761.0,948.0
2020-08-31,2774801,3621245,64469,846444,60868.0,78512.0,971.0
2020-09-01,2839882,3691166,65288,851284,65081.0,69921.0,819.0
2020-09-02,2901908,3769523,66333,867615,62026.0,78357.0,1045.0
2020-09-03,2970492,3853406,67376,882914,68584.0,83883.0,1043.0
2020-09-04,3037151,3936747,68472,899596,66659.0,83341.0,1096.0
2020-09-05,3107223,4023179,69561,915956,70072.0,86432.0,1089.0
2020-09-06,3180865,4113811,70626,932946,73642.0,90632.0,1065.0
2020-09-07,3250429,4204613,71642,954184,69564.0,90802.0,1016.0
2020-09-08,3323950,4280422,72775,956472,73521.0,75809.0,1133.0
2020-09-09,3398844,4370128,73890,971284,74894.0,89706.0,1115.0
2020-09-10,3471783,4465863,75062,994080,72939.0,95735.0,1172.0
2020-09-11,3542663,4562414,76271,1019751,70880.0,96551.0,1209.0
2020-09-12,3624196,4659984,77472,1035788,81533.0,97570.0,1201.0
2020-09-13,3702595,4754356,78586,1051761,78399.0,94372.0,1114.0
2020-09-14,3780107,4846427,79722,1066320,77512.0,92071.0,1136.0
2020-09-15,3859399,4930236,80776,1070837,79292.0,83809.0,1054.0
2020-09-16,3942360,5020359,82066,1077999,82961.0,90123.0,1290.0
2020-09-17,4025079,5118253,83198,1093174,82719.0,97894.0,1132.0
2020-09-18,4112551,5214677,84372,1102126,87472.0,96424.0,1174.0
2020-09-19,4208431,5308014,85619,1099583,95880.0,93337.0,1247.0
2020-09-20,4303043,5400619,86752,1097576,94612.0,92605.0,1133.0
2020-09-21,4396399,5487580,87882,1091181,93356.0,86961.0,1130.0
2020-09-22,4497867,5562663,88935,1064796,101468.0,75083.0,1053.0
2020-09-23,4587613,5646010,90020,1058397,89746.0,83347.0,1085.0
2020-09-24,4674987,5732518,91149,1057531,87374.0,86508.0,1129.0
2020-09-25,4756164,5818570,92290,1062406,81177.0,86052.0,1141.0
2020-09-26,4849584,5903932,93379,1054348,93420.0,85362.0,1089.0
2020-09-27,4941627,5992532,94503,1050905,92043.0,88600.0,1124.0
2020-09-28,5016520,6074702,95542,1058182,74893.0,82170.0,1039.0
2020-09-29,5101397,6145291,96318,1043894,84877.0,70589.0,776.0
2020-09-30,5187825,6225763,97497,1037938,86428.0,80472.0,1179.0
2020-10-01,5273201,6312584,98678,1039383,85376.0,86821.0,1181.0
2020-10-02,5352078,6394068,99773,1041990,78877.0,81484.0,1095.0
2020-10-03,5427706,6473544,100842,1045838,75628.0,79476.0,1069.0
2020-10-04,5509966,6549373,101782,1039407,82260.0,75829.0,940.0
2020-10-05,5586703,6623815,102685,1037112,76737.0,74442.0,903.0
2020-10-06,5662490,6685082,103569,1022592,75787.0,61267.0,884.0
2020-10-07,5744693,6757131,104555,1012438,82203.0,72049.0,986.0
2020-10-08,5827704,6835655,105526,1007951,83011.0,78524.0,971.0
2020-10-09,5906069,6906151,106490,1000082,78365.0,70496.0,964.0
2020-10-10,5988822,6979423,107416,990601,82753.0,73272.0,926.0
2020-10-11,6077976,7053806,108334,975830,89154.0,74383.0,918.0
2020-10-12,6149535,7120538,109150,971003,71559.0,66732.0,816.0
2020-10-13,6227295,7175880,109856,948585,77760.0,55342.0,706.0
2020-10-14,6301927,7239389,110586,937462,74632.0,63509.0,730.0
2020-10-15,6383441,7307097,111266,923656,81514.0,67708.0,680.0
2020-10-16,6453779,7370468,112161,916689,70338.0,63371.0,895.0
2020-10-17,6524595,7432680,112998,908085,70816.0,62212.0,837.0
2020-10-18,6597209,7494551,114031,897342,72614.0,61871.0,1033.0
2020-10-19,6663608,7550273,114610,886665,66399.0,55722.0,579.0
2020-10-20,6733328,7597063,115197,863735,69720.0,46790.0,587.0
2020-10-21,6795103,7651107,115914,856004,61775.0,54044.0,717.0
2020-10-22,6874518,7706946,116616,832428,79415.0,55839.0,702.0
2020-10-23,6948497,7761312,117306,812815,73979.0,54366.0,690.0
2020-10-24,7016046,7814682,117956,798636,67549.0,53370.0,650.0
2020-10-25,7078123,7864811,118534,786688,62077.0,50129.0,578.0
2020-10-26,7137228,7909959,119014,772731,59105.0,45148.0,480.0
2020-10-27,7201070,7946429,119502,745359,63842.0,36470.0,488.0
2020-10-28,7259509,7990322,120010,730813,58439.0,43893.0,508.0
2020-10-29,7315989,8040203,120527,724214,56480.0,49881.0,517.0
2020-10-30,7373375,8088851,121090,715476,57386.0,48648.0,563.0
2020-10-31,7432829,8137119,121641,704290,59454.0,48268.0,551.0
2020-11-01,7491513,8184082,122111,692569,58684.0,46963.0,470.0
2020-11-02,7544798,8229313,122607,684515,53285.0,45231.0,496.0
2020-11-03,7603121,8267623,123097,664502,58323.0,38310.0,490.0
2020-11-04,7656478,8313876,123611,657398,53357.0,46253.0,514.0
2020-11-05,7711809,8364086,124315,652277,55331.0,50210.0,704.0
2020-11-06,7765966,8411724,124985,645758,54157.0,47638.0,670.0
2020-11-07,7819886,8462080,125562,642194,53920.0,50356.0,577.0
2020-11-08,7868968,8507754,126121,638786,49082.0,45674.0,559.0
2020-11-09,7917373,8553657,126611,636284,48405.0,45903.0,490.0
2020-11-10,7963457,8591730,127059,628273,46084.0,38073.0,448.0
2020-11-11,8013783,8636011,127571,622228,50326.0,44281.0,512.0
2020-11-12,8066501,8683916,128121,617415,52718.0,47905.0,550.0
2020-11-13,8115580,8728795,128668,613215,49079.0,44879.0,547.0
2020-11-14,8163572,8773479,129188,609907,47992.0,44684.0,520.0
2020-11-15,8205728,8814579,129635,608851,42156.0,41100.0,447.0
2020-11-16,8249579,8845127,130070,595548,43851.0,30548.0,435.0
2020-11-17,8290370,8874290,130519,583920,40791.0,29163.0,449.0
2020-11-18,8335109,8912907,130993,577798,44739.0,38617.0,474.0
2020-11-19,8383602,8958483,131578,574881,48493.0,45576.0,585.0
2020-11-20,8428409,9004365,132162,575956,44807.0,45882.0,584.0
2020-11-21,8478124,9050597,132726,572473,49715.0,46232.0,564.0
2020-11-22,8521617,9095806,133227,574189,43493.0,45209.0,501.0
2020-11-23,8562641,9139865,133738,577224,41024.0,44059.0,511.0
2020-11-24,8604955,9177840,134218,572885,42314.0,37975.0,480.0
2020-11-25,8642771,9222216,134699,579445,37816.0,44376.0,481.0
2020-11-26,8679138,9266705,135223,587567,36367.0,44489.0,524.0
2020-11-27,8718517,9309787,135715,591270,39379.0,43082.0,492.0
2020-11-28,8759969,9351109,136200,591140,41452.0,41322.0,485.0
2020-11-29,8802267,9392919,136696,590652,42298.0,41810.0,496.0
2020-11-30,8847600,9431691,137139,584091,45333.0,38772.0,443.0
2020-12-01,8889585,9462809,137621,573224,41985.0,31118.0,482.0
2020-12-02,8932647,9499413,138122,566766,43062.0,36604.0,501.0
2020-12-03,8973373,9534964,138648,561591,40726.0,35551.0,526.0
2020-12-04,9016289,9571559,139188,555270,42916.0,36595.0,540.0
2020-12-05,9058822,9608211,139700,549389,42533.0,36652.0,512.0
2020-12-06,9100792,9644222,140182,543430,41970.0,36011.0,482.0
2020-12-07,9139901,9677203,140573,537302,39109.0,32981.0,391.0
2020-12-08,9178946,9703770,140958,524824,39045.0,26567.0,385.0
2020-12-09,9215581,9735850,141360,520269,36635.0,32080.0,402.0
2020-12-10,9253306,9767371,141772,514065,37725.0,31521.0,412.0
2020-12-11,9290834,9796769,142186,505935,37528.0,29398.0,414.0
2020-12-12,9324328,9826775,142628,502447,33494.0,30006.0,442.0
2020-12-13,9357464,9857029,143019,499565,33136.0,30254.0,391.0
2020-12-14,9388159,9884100,143355,495941,30695.0,27071.0,336.0
2020-12-15,9422636,9906104,143709,483468,34477.0,22004.0,354.0
2020-12-16,9456449,9932547,144096,476098,33813.0,26443.0,387.0
2020-12-17,9489740,9956557,144451,466817,33291.0,24010.0,355.0
2020-12-18,9520827,9979447,144789,458620,31087.0,22890.0,338.0
2020-12-19,9550712,10004599,145136,453887,29885.0,25152.0,347.0
2020-12-20,9580402,10031223,145477,450821,29690.0,26624.0,341.0
2020-12-21,9606111,10058144,145810,452033,25709.0,26921.0,333.0
2020-12-22,9636487,10068330,146111,431843,30376.0,10186.0,301.0
2020-12-23,9663382,10099066,146444,435684,26895.0,30736.0,333.0
2020-12-24,9693173,10123778,146756,430605,29791.0,24712.0,312.0
2020-12-25,9717834,10146845,147092,429011,24661.0,23067.0,336.0
2020-12-26,9740108,10169118,147343,429010,22274.0,22273.0,251.0
2020-12-27,9761538,10187850,147622,426312,21430.0,18732.0,279.0
2020-12-28,9782669,10207871,147901,425202,21131.0,20021.0,279.0
2020-12-29,9807569,10224303,148153,416734,24900.0,16432.0,252.0
2020-12-30,9834141,10244852,148439,410711,26572.0,20549.0,286.0
2020-12-31,9860280,10266674,148738,406394,26139.0,21822.0,299.0
2021-01-01,9883461,10286709,148994,403248,23181.0,20035.0,256.0
2021-01-02,9906387,10305788,149218,399401,22926.0,19079.0,224.0
2021-01-03,9927310,10323965,149435,396655,20923.0,18177.0,217.0
2021-01-04,9946867,10340469,149649,393602,19557.0,16504.0,214.0
2021-01-05,9975958,10356844,149850,380886,29091.0,16375.0,201.0
2021-01-06,9997272,10374932,150114,377660,21314.0,18088.0,264.0
2021-01-07,10016859,10395278,150336,378419,19587.0,20346.0,222.0
2021-01-08,10037398,10413417,150570,376019,20539.0,18139.0,234.0
2021-01-09,10056651,10431639,150798,374988,19253.0,18222.0,228.0
2021-01-10,10075950,10450284,150999,374334,19299.0,18645.0,201.0
2021-01-11,10092909,10466595,151160,373686,16959.0,16311.0,161.0
2021-01-12,10111294,10479179,151327,367885,18385.0,12584.0,167.0
2021-01-13,10129111,10495147,151529,366036,17817.0,15968.0,202.0
2021-01-14,10146763,10512093,151727,365330,17652.0,16946.0,198.0
2021-01-15,10162738,10527683,151918,364945,15975.0,15590.0,191.0
2021-01-16,10179715,10542841,152093,363126,16977.0,15158.0,175.0
2021-01-17,10196885,10557985,152274,361100,17170.0,15144.0,181.0
2021-01-18,10211342,10571773,152419,360431,14457.0,13788.0,145.0
2021-01-19,10228753,10581837,152556,353084,17411.0,10064.0,137.0
2021-01-20,10245741,10595660,152718,349919,16988.0,13823.0,162.0
2021-01-21,10265706,10610883,152869,345177,19965.0,15223.0,151.0
2021-01-22,10283708,10625428,153032,341720,18002.0,14545.0,163.0
2021-01-23,10300838,10639684,153184,338846,17130.0,14256.0,152.0
2021-01-24,10316786,10654533,153339,337747,15948.0,14849.0,155.0
2021-01-25,10330084,10662181,153470,332097,13298.0,7648.0,131.0
2021-01-26,10345985,10676838,153587,330853,15901.0,14657.0,117.0
2021-01-27,10359305,10689527,153724,330222,13320.0,12689.0,137.0
2021-01-28,10373606,10701193,153847,327587,14301.0,11666.0,123.0
2021-01-29,10394352,10720048,154010,325696,20746.0,18855.0,163.0
2021-01-30,10409160,10733131,154147,323971,14808.0,13083.0,137.0
2021-01-31,10423125,10746183,154274,323058,13965.0,13052.0,127.0
2021-02-01,10434983,10756631,154392,321648,11858.0,10448.0,118.0
2021-02-02,10448406,10766245,154486,317839,13423.0,9614.0,94.0
2021-02-03,10462631,10777284,154596,314653,14225.0,11039.0,110.0
2021-02-04,10480455,10790183,154703,309728,17824.0,12899.0,107.0
2021-02-05,10496308,10802591,154823,306283,15853.0,12408.0,120.0
2021-02-06,10510796,10814304,154918,303508,14488.0,11713.0,95.0
2021-02-07,10522601,10826363,154996,303762,11805.0,12059.0,78.0
2021-02-08,10534505,10838194,155080,303689,11904.0,11831.0,84.0
2021-02-09,10548521,10847304,155158,298783,14016.0,9110.0,78.0
2021-02-10,10561608,10858371,155252,296763,13087.0,11067.0,94.0
2021-02-11,10573372,10867467,155360,294095,11764.0,9096.0,108.0
2021-02-12,10589230,10880603,155447,291373,15858.0,13136.0,87.0
2021-02-13,10600625,10892746,155550,292121,11395.0,12143.0,103.0
2021-02-14,10611731,10904940,155642,293209,11106.0,12194.0,92.0
2021-02-15,10621220,10916589,155732,295369,9489.0,11649.0,90.0
2021-02-16,10633025,10925710,155813,292685,11805.0,9121.0,81.0
2021-02-17,10644858,10937320,155913,292462,11833.0,11610.0,100.0
2021-02-18,10656845,10944479,156014,287634,11987.0,7159.0,101.0
2021-02-19,10667741,10963394,156111,295653,10896.0,18915.0,97.0
2021-02-20,10678048,10977387,156212,299339,10307.0,13993.0,101.0
2021-02-21,10689715,10991651,156302,301936,11667.0,14264.0,90.0
2021-02-22,10699410,11005850,156385,306440,9695.0,14199.0,83.0
2021-02-23,10712665,11016434,156463,303769,13255.0,10584.0,78.0
2021-02-24,10726702,11042648,156567,315946,14037.0,26214.0,104.0
2021-02-25,10738501,11046914,156705,308413,11799.0,4266.0,138.0
2021-02-26,10750680,11063491,156825,312811,12179.0,16577.0,120.0
2021-02-27,10763451,11079979,156938,316528,12771.0,16488.0,113.0
2021-02-28,10775169,11096731,157051,321562,11718.0,16752.0,113.0
2021-03-01,10786457,11111149,157157,324692,11288.0,14418.0,106.0
2021-03-02,10798921,11124527,157248,325606,12464.0,13378.0,91.0
2021-03-03,10812044,11128605,157346,316561,13123.0,4078.0,98.0
2021-03-04,10826075,11156923,157435,330848,14031.0,28318.0,89.0
2021-03-05,10839894,11173761,157548,333867,13819.0,16838.0,113.0
2021-03-06,10854128,11192088,157656,337960,14234.0,18327.0,108.0
2021-03-07,10868520,11210799,157756,342279,14392.0,18711.0,100.0
2021-03-08,10882798,11229398,157853,346600,14278.0,18599.0,97.0
2021-03-09,10899394,11230872,157930,331478,16596.0,1474.0,77.0
2021-03-10,10920046,11262707,158063,342661,20652.0,31835.0,133.0
2021-03-11,10920046,11262707,158063,342661,0.0,0.0,0.0
2021-03-12,10938146,11285561,158189,347415,18100.0,22854.0,126.0
2021-03-13,10973260,11333728,158446,360468,35114.0,48167.0,257.0
2021-03-14,10989897,11359048,158607,369151,16637.0,25320.0,161.0
2021-03-15,11007352,11385339,158725,377987,17455.0,26291.0,118.0
2021-03-16,11027543,11409831,158856,382288,20191.0,24492.0,131.0
2021-03-17,11045284,11438734,159044,393450,17741.0,28903.0,188.0
2021-03-18,11063025,11474605,159216,411580,17741.0,35871.0,172.0
2021-03-19,11083679,11514331,159370,430652,20654.0,39726.0,154.0
2021-03-20,11107332,11555284,159558,447952,23653.0,40953.0,188.0
2021-03-21,11130288,11599130,159755,468842,22956.0,43846.0,197.0
2021-03-22,11151468,11646081,159967,494613,21180.0,46951.0,212.0
2021-03-23,11181253,11686796,160166,505543,29785.0,40715.0,199.0
2021-03-24,11205160,11734058,160441,528898,23907.0,47262.0,275.0
2021-03-25,11231650,11787534,160692,555884,26490.0,53476.0,251.0
2021-03-26,11264637,11846652,160949,582015,32987.0,59118.0,257.0
2021-03-27,11295023,11908910,161240,613887,30386.0,62258.0,291.0
2021-03-28,11323762,11971624,161552,647862,28739.0,62714.0,312.0
2021-03-29,11355993,12039644,161843,683651,32231.0,68020.0,291.0
2021-03-30,11393021,12095855,162114,702834,37028.0,56211.0,271.0
2021-03-31,11434301,12149335,162468,715034,41280.0,53480.0,354.0
2021-04-01,11474683,12226141,162927,751458,40382.0,76806.0,459.0
2021-04-02,11525039,12303131,163396,778092,50356.0,76990.0,469.0
2021-04-03,11569241,12392260,164110,823019,44202.0,89129.0,714.0
2021-04-04,11629289,12485509,164623,856220,60048.0,93249.0,513.0
2021-04-05,11682136,12589067,165101,906931,52847.0,103558.0,478.0
2021-04-06,11732279,12686049,165547,953770,50143.0,96982.0,446.0
2021-04-07,11792135,12801785,166177,1009650,59856.0,115736.0,630.0
2021-04-08,11851393,12928574,166862,1077181,59258.0,126789.0,685.0
2021-04-09,11913292,13060542,167642,1147250,61899.0,131968.0,780.0
2021-04-10,11990859,13205926,168436,1215067,77567.0,145384.0,794.0
2021-04-11,12081443,13358805,169275,1277362,90584.0,152879.0,839.0
2021-04-12,12156529,13527717,170179,1371188,75086.0,168912.0,904.0
2021-04-13,12253697,13689453,171058,1435756,97168.0,161736.0,879.0
2021-04-14,12336036,13873825,172085,1537789,82339.0,184372.0,1027.0
2021-04-15,12429564,14074564,173123,1645000,93528.0,200739.0,1038.0
2021-04-16,12547866,14291917,174308,1744051,118302.0,217353.0,1185.0
2021-04-17,12671220,14526609,175649,1855389,123354.0,234692.0,1341.0
2021-04-18,12809643,14788109,177150,1978466,138423.0,261500.0,1501.0
2021-04-19,12953821,15061919,178769,2108098,144178.0,273810.0,1619.0
2021-04-20,13108582,15321089,180530,2212507,154761.0,259170.0,1761.0
2021-04-21,13276039,15616130,182553,2340091,167457.0,295041.0,2023.0
2021-04-22,13454880,15930965,184657,2476085,178841.0,314835.0,2104.0
2021-04-23,13648159,16263695,186920,2615536,193279.0,332730.0,2263.0
2021-04-24,13867997,16610481,189544,2742484,219838.0,346786.0,2624.0
2021-04-25,14085110,16960172,192311,2875062,217113.0,349691.0,2767.0
2021-04-26,14304382,17313163,195123,3008781,219272.0,352991.0,2812.0
2021-04-27,14556209,17636307,197894,3080098,251827.0,323144.0,2771.0
2021-04-28,14817371,17997267,201187,3179896,261162.0,360960.0,3293.0
2021-04-29,15086878,18376524,204832,3289646,269507.0,379257.0,3645.0
2021-04-30,15384418,18762976,208330,3378558,297540.0,386452.0,3498.0
2021-05-01,15684406,19164969,211853,3480563,299988.0,401993.0,3523.0
2021-05-02,15992271,19557457,215542,3565186,307865.0,392488.0,3689.0
2021-05-03,16293003,19925604,218959,3632601,300732.0,368147.0,3417.0
2021-05-04,16613292,20282833,222408,3669541,320289.0,357229.0,3449.0
2021-05-05,16951731,20665148,226188,3713417,338439.0,382315.0,3780.0
2021-05-06,17280844,21077410,230168,3796566,329113.0,412262.0,3980.0
2021-05-07,17612351,21491598,234083,3879247,331507.0,414188.0,3915.0
2021-05-08,17930960,21892676,238270,3961716,318609.0,401078.0,4187.0
2021-05-09,18317404,22296414,242362,3979010,386444.0,403738.0,4092.0
2021-05-10,18671222,22662575,246116,3991353,353818.0,366161.0,3754.0
2021-05-11,19027304,22992517,249992,3965213,356082.0,329942.0,3876.0
2021-05-12,19382642,23340938,254197,3958296,355338.0,348421.0,4205.0
2021-05-13,19734823,23703665,258317,3968842,352181.0,362727.0,4120.0
2021-05-14,20079599,24046809,262317,3967210,344776.0,343144.0,4000.0
2021-05-15,20432898,24372907,266207,3940009,353299.0,326098.0,3890.0
2021-05-16,20795335,24684077,270284,3888742,362437.0,311170.0,4077.0
2021-05-17,21174076,24965463,274390,3791387,378741.0,281386.0,4106.0
2021-05-18,21596512,25228996,278719,3632484,422436.0,263533.0,4329.0
2021-05-19,21986363,25496330,283248,3509967,389851.0,267334.0,4529.0
2021-05-20,22355440,25772440,287122,3417000,369077.0,276110.0,3874.0
2021-05-21,22712735,26031991,291331,3319256,357295.0,259551.0,4209.0
2021-05-22,23070365,26289290,295525,3218925,357630.0,257299.0,4194.0
2021-05-23,23425467,26530132,299266,3104665,355102.0,240842.0,3741.0
2021-05-24,23728011,26752447,303720,3024436,302544.0,222315.0,4454.0
2021-05-25,24054861,26948874,307231,2894013,326850.0,196427.0,3511.0
2021-05-26,24350816,27157795,311388,2806979,295955.0,208921.0,4157.0
2021-05-27,24633951,27369093,315235,2735142,283135.0,211298.0,3847.0
2021-05-28,24893410,27555457,318895,2662047,259459.0,186364.0,3660.0
2021-05-29,25178011,27729247,322512,2551236,284601.0,173790.0,3617.0
2021-05-30,25454320,27894800,325972,2440480,276309.0,165553.0,3460.0
2021-05-31,25692342,28047534,329100,2355192,238022.0,152734.0,3128.0
2021-06-01,25947629,28175044,331895,2227415,255287.0,127510.0,2795.0
2021-06-02,26179085,28307832,335102,2128747,231456.0,132788.0,3207.0
2021-06-03,26390584,28441986,337989,2051402,211499.0,134154.0,2887.0
2021-06-04,26597655,28574350,340702,1976695,207071.0,132364.0,2713.0
2021-06-05,26795549,28694879,344082,1899330,197894.0,120529.0,3380.0
2021-06-06,26984781,28809339,346759,1824558,189232.0,114460.0,2677.0
2021-06-07,27159180,28909975,349186,1750795,174399.0,100636.0,2427.0
2021-06-08,27341462,28996473,351309,1655011,182282.0,86498.0,2123.0
2021-06-09,27504126,29089069,353528,1584943,162664.0,92596.0,2219.0
2021-06-10,27655493,29183121,359676,1527628,151367.0,94052.0,6148.0
2021-06-11,27790073,29274823,363079,1484750,134580.0,91702.0,3403.0
2021-06-12,27911384,29359155,367081,1447771,121311.0,84332.0,4002.0
2021-06-13,28043446,29439989,370384,1396543,132062.0,80834.0,3303.0
2021-06-14,28162947,29510410,374305,1347463,119501.0,70421.0,3921.0
2021-06-15,28280472,29570881,377031,1290409,117525.0,60471.0,2726.0
2021-06-16,28388100,29633105,379573,1245005,107628.0,62224.0,2542.0
2021-06-17,28491670,29700313,381903,1208643,103570.0,67208.0,2330.0
2021-06-18,28580647,29762793,383490,1182146,88977.0,62480.0,1587.0
2021-06-19,28678390,29823546,385137,1145156,97743.0,60753.0,1647.0
2021-06-20,28766009,29881965,386713,1115956,87619.0,58419.0,1576.0
2021-06-21,28844199,29935221,388135,1091022,78190.0,53256.0,1422.0
2021-06-22,28926038,29977861,389302,1051823,81839.0,42640.0,1167.0
2021-06-23,28994855,30028709,390660,1033854,68817.0,50848.0,1358.0
2021-06-24,29063740,30082778,391981,1019038,68885.0,54069.0,1321.0
2021-06-25,29128267,30134445,393310,1006178,64527.0,51667.0,1329.0
2021-06-26,29193085,30183143,394493,990058,64818.0,48698.0,1183.0
2021-06-27,29251029,30233183,395751,982154,57944.0,50040.0,1258.0
2021-06-28,29309607,30279331,396730,969724,58578.0,46148.0,979.0
2021-06-29,29366601,30316897,397637,950296,56994.0,37566.0,907.0
2021-06-30,29427330,30362848,398454,935518,60729.0,45951.0,817.0
2021-07-01,29488918,30411634,399459,922716,61588.0,48786.0,1005.0
2021-07-02,29548302,30458251,400312,909949,59384.0,46617.0,853.0
2021-07-03,29605779,30502362,401050,896583,57477.0,44111.0,738.0
2021-07-04,29658078,30545433,402005,887355,52299.0,43071.0,955.0
2021-07-05,29700430,30585229,402728,884799,42352.0,39796.0,723.0
2021-07-06,29752294,30619932,403281,867638,51864.0,34703.0,553.0
2021-07-07,29799534,30663665,404211,864131,47240.0,43733.0,930.0
2021-07-08,29843825,30709557,405028,865732,44291.0,45892.0,817.0
2021-07-09,29888284,30752950,405939,864666,44459.0,43393.0,911.0
2021-07-10,29933538,30795716,407145,862178,45254.0,42766.0,1206.0
2021-07-11,29975064,30837222,408040,862158,41526.0,41506.0,895.0
2021-07-12,30014713,30874376,408764,859663,39649.0,37154.0,724.0
2021-07-13,30063720,30907282,410784,843562,49007.0,32906.0,2020.0
2021-07-14,30104720,30946074,411408,841354,41000.0,38792.0,624.0
2021-07-15,30143850,30987880,411989,844030,39130.0,41806.0,581.0
2021-07-16,30183876,31026829,412531,842953,40026.0,38949.0,542.0
2021-07-17,30227792,31064908,413091,837116,43916.0,38079.0,560.0
2021-07-18,30269796,31106065,413609,836269,42004.0,41157.0,518.0
2021-07-19,30308456,31144229,414108,835773,38660.0,38164.0,499.0
2021-07-20,30353710,31174322,414482,820612,45254.0,30093.0,374.0
2021-07-21,30390687,31216337,418480,825650,36977.0,42015.0,3998.0
2021-07-22,30429339,31257720,418987,828381,38652.0,41383.0,507.0
2021-07-23,30468079,31293062,419470,824983,38740.0,35342.0,483.0
2021-07-24,30503166,31332159,420016,828993,35087.0,39097.0,546.0
2021-07-25,30543138,31371901,420551,828763,39972.0,39742.0,535.0
2021-07-26,30579106,31411262,420967,832156,35968.0,39361.0,416.0
2021-07-27,30621469,31440951,421382,819482,42363.0,29689.0,415.0
2021-07-28,30663147,31484605,422022,821458,41678.0,43654.0,640.0
2021-07-29,30701612,31528114,422662,826502,38465.0,43509.0,640.0
2021-07-30,30743972,31572344,423217,828372,42360.0,44230.0,555.0
2021-07-31,30781263,31613993,423810,832730,37291.0,41649.0,593.0
2021-08-01,30820521,31655824,424351,835303,39258.0,41831.0,541.0
2021-08-02,30857467,31695958,424773,838491,36946.0,40134.0,422.0
2021-08-03,30896354,31726507,425195,830153,38887.0,30549.0,422.0
2021-08-04,30933022,31769132,425757,836110,36668.0,42625.0,562.0
2021-08-05,30974748,31812114,426290,837366,41726.0,42982.0,533.0
2021-08-06,31015844,31856757,426754,840913,41096.0,44643.0,464.0
2021-08-07,31055861,31895385,427371,839524,40017.0,38628.0,617.0
2021-08-08,31099771,31934455,427862,834684,43910.0,39070.0,491.0
2021-08-09,31139457,31969954,428309,830497,39686.0,35499.0,447.0
2021-08-10,31180968,31998158,428682,817190,41511.0,28204.0,373.0
2021-08-11,31220981,32036511,429179,815530,40013.0,38353.0,497.0
